SlNo,State_Code,State,District_Key,District,Confirmed,Active,Recovered,Deceased,Migrated_Other,Delta_Confirmed,Delta_Active,Delta_Recovered,Delta_Deceased,District_Notes,Last_Updated
0,UN,State Unassigned,UN_Unassigned,Unassigned,8094,8094,0,0,0,-370,-370,0,0,,
1,AN,Andaman and Nicobar Islands,AN_Nicobars,Nicobars,0,0,0,0,0,0,0,0,0,,
2,AN,Andaman and Nicobar Islands,AN_North and Middle Andaman,North and Middle Andaman,1,0,1,0,0,0,0,0,0,,
3,AN,Andaman and Nicobar Islands,AN_South Andaman,South Andaman,35,3,32,0,0,0,0,0,0,,
0,AP,Andhra Pradesh,AP_Foreign Evacuees,Foreign Evacuees,372,289,83,0,0,1,-2,3,0,,
4,AP,Andhra Pradesh,AP_Anantapur,Anantapur,1159,764,388,7,0,79,38,41,0,,
5,AP,Andhra Pradesh,AP_Chittoor,Chittoor,725,429,290,6,0,26,25,1,0,,
6,AP,Andhra Pradesh,AP_East Godavari,East Godavari,836,519,311,6,0,12,9,3,0,,
7,AP,Andhra Pradesh,AP_Guntur,Guntur,1032,477,538,17,0,74,46,27,1,,
8,AP,Andhra Pradesh,AP_Krishna,Krishna,1199,626,524,49,0,20,11,5,4,,
9,AP,Andhra Pradesh,AP_Kurnool,Kurnool,1615,694,873,48,0,60,10,46,4,,
0,AP,Andhra Pradesh,AP_Other State,Other State,1764,672,1092,0,0,34,20,14,0,,
10,AP,Andhra Pradesh,AP_Prakasam,Prakasam,246,111,133,2,0,28,23,5,0,,
11,AP,Andhra Pradesh,AP_S.P.S. Nellore,S.P.S. Nellore,537,227,306,4,0,15,15,0,0,,
12,AP,Andhra Pradesh,AP_Srikakulam,Srikakulam,62,24,36,2,0,1,1,0,0,,
13,AP,Andhra Pradesh,AP_Visakhapatnam,Visakhapatnam,427,201,223,3,0,20,-18,37,1,,
14,AP,Andhra Pradesh,AP_Vizianagaram,Vizianagaram,122,83,39,0,0,23,23,0,0,,
15,AP,Andhra Pradesh,AP_West Godavari,West Godavari,760,643,116,1,0,79,78,1,0,,
16,AP,Andhra Pradesh,AP_Y.S.R. Kadapa,Y.S.R. Kadapa,633,388,244,1,0,133,108,25,0,,
17,AR,Arunachal Pradesh,AR_Anjaw,Anjaw,0,0,0,0,0,0,0,0,0,,
18,AR,Arunachal Pradesh,AR_Changlang,Changlang,77,59,18,0,0,0,0,0,0,,
19,AR,Arunachal Pradesh,AR_East Kameng,East Kameng,0,0,0,0,0,0,0,0,0,,
20,AR,Arunachal Pradesh,AR_East Siang,East Siang,10,5,5,0,0,0,0,0,0,,
21,AR,Arunachal Pradesh,AR_Kamle,Kamle,0,0,0,0,0,0,0,0,0,,
22,AR,Arunachal Pradesh,AR_Kra Daadi,Kra Daadi,0,0,0,0,0,0,0,0,0,,
23,AR,Arunachal Pradesh,AR_Kurung Kumey,Kurung Kumey,0,0,0,0,0,0,0,0,0,,
24,AR,Arunachal Pradesh,AR_Lepa Rada,Lepa Rada,1,1,0,0,0,0,0,0,0,,
25,AR,Arunachal Pradesh,AR_Lohit,Lohit,4,2,2,0,0,0,0,0,0,,
26,AR,Arunachal Pradesh,AR_Longding,Longding,4,3,1,0,0,0,0,0,0,,
27,AR,Arunachal Pradesh,AR_Lower Dibang Valley,Lower Dibang Valley,3,1,2,0,0,0,0,0,0,,
28,AR,Arunachal Pradesh,AR_Lower Siang,Lower Siang,1,1,0,0,0,0,0,0,0,,
29,AR,Arunachal Pradesh,AR_Lower Subansiri,Lower Subansiri,0,0,0,0,0,0,0,0,0,,
30,AR,Arunachal Pradesh,AR_Namsai,Namsai,10,8,2,0,0,0,0,0,0,,
31,AR,Arunachal Pradesh,AR_Pakke Kessang,Pakke Kessang,1,0,1,0,0,0,0,0,0,,
32,AR,Arunachal Pradesh,AR_Papum Pare,Papum Pare,42,34,8,0,0,0,0,0,0,,
33,AR,Arunachal Pradesh,AR_Shi Yomi,Shi Yomi,0,0,0,0,0,0,0,0,0,,
34,AR,Arunachal Pradesh,AR_Siang,Siang,0,0,0,0,0,0,0,0,0,,
35,AR,Arunachal Pradesh,AR_Tawang,Tawang,2,2,0,0,0,0,0,0,0,,
36,AR,Arunachal Pradesh,AR_Tirap,Tirap,3,2,1,0,0,0,0,0,0,,
37,AR,Arunachal Pradesh,AR_Upper Dibang Valley,Upper Dibang Valley,0,0,0,0,0,0,0,0,0,,
38,AR,Arunachal Pradesh,AR_Upper Siang,Upper Siang,1,0,1,0,0,0,0,0,0,,
39,AR,Arunachal Pradesh,AR_Upper Subansiri,Upper Subansiri,0,0,0,0,0,0,0,0,0,,
40,AR,Arunachal Pradesh,AR_West Kameng,West Kameng,12,11,0,1,0,0,0,0,0,,
41,AR,Arunachal Pradesh,AR_West Siang,West Siang,1,0,1,0,0,0,0,0,0,,
0,AS,Assam,AS_Airport Quarantine,Airport Quarantine,4,4,0,0,0,0,0,0,0,,
42,AS,Assam,AS_Baksa,Baksa,85,85,0,0,0,0,0,0,0,,
43,AS,Assam,AS_Barpeta,Barpeta,147,92,55,0,0,0,0,0,0,,
44,AS,Assam,AS_Biswanath,Biswanath,58,42,16,0,0,0,0,0,0,,
45,AS,Assam,AS_Bongaigaon,Bongaigaon,24,17,7,0,0,0,0,0,0,,
46,AS,Assam,AS_Cachar,Cachar,98,16,82,0,0,0,0,0,0,,
47,AS,Assam,AS_Charaideo,Charaideo,16,16,0,0,0,0,0,0,0,,
48,AS,Assam,AS_Chirang,Chirang,52,52,0,0,0,0,0,0,0,,
49,AS,Assam,AS_Darrang,Darrang,102,102,0,0,0,0,0,0,0,,
50,AS,Assam,AS_Dhemaji,Dhemaji,95,89,6,0,0,0,0,0,0,,
51,AS,Assam,AS_Dhubri,Dhubri,334,329,5,0,0,0,0,0,0,,
52,AS,Assam,AS_Dibrugarh,Dibrugarh,77,72,5,0,0,0,0,0,0,,
53,AS,Assam,AS_Dima Hasao,Dima Hasao,89,80,9,0,0,0,0,0,0,,
54,AS,Assam,AS_Goalpara,Goalpara,57,38,4,0,0,0,0,0,0,,
55,AS,Assam,AS_Golaghat,Golaghat,272,184,88,0,0,0,0,0,0,,
56,AS,Assam,AS_Hailakandi,Hailakandi,78,72,5,1,0,0,0,0,0,,
57,AS,Assam,AS_Hojai,Hojai,267,267,0,0,0,0,0,0,0,,
58,AS,Assam,AS_Jorhat,Jorhat,139,85,54,0,0,0,0,0,0,,
59,AS,Assam,AS_Kamrup,Kamrup,215,194,21,0,0,0,0,0,0,,
60,AS,Assam,AS_Kamrup Metropolitan,Kamrup Metropolitan,714,327,383,4,0,0,0,0,0,,
61,AS,Assam,AS_Karbi Anglong,Karbi Anglong,39,32,7,0,0,0,0,0,0,,
62,AS,Assam,AS_Karimganj,Karimganj,106,86,20,0,0,0,0,0,0,,
63,AS,Assam,AS_Kokrajhar,Kokrajhar,86,76,10,0,0,0,0,0,0,,
64,AS,Assam,AS_Lakhimpur,Lakhimpur,82,76,6,0,0,0,0,0,0,,
65,AS,Assam,AS_Majuli,Majuli,21,21,0,0,0,0,0,0,0,,
66,AS,Assam,AS_Morigaon,Morigaon,49,21,28,0,0,0,0,0,0,,
67,AS,Assam,AS_Nagaon,Nagaon,327,302,25,0,0,0,0,0,0,,
68,AS,Assam,AS_Nalbari,Nalbari,28,19,9,0,0,0,0,0,0,,
0,AS,Assam,AS_Other State,Other State,1,0,1,0,0,0,0,0,0,,
69,AS,Assam,AS_Sivasagar,Sivasagar,29,3,26,0,0,0,0,0,0,,
70,AS,Assam,AS_Sonitpur,Sonitpur,104,69,35,0,0,0,0,0,0,,
71,AS,Assam,AS_South Salmara Mankachar,South Salmara Mankachar,7,6,1,0,0,0,0,0,0,,
72,AS,Assam,AS_Tinsukia,Tinsukia,114,108,6,0,0,0,0,0,0,,
73,AS,Assam,AS_Udalguri,Udalguri,105,103,2,0,0,0,0,0,0,,
74,AS,Assam,AS_West Karbi Anglong,West Karbi Anglong,28,28,0,0,0,0,0,0,0,,
75,BR,Bihar,BR_Araria,Araria,114,28,85,1,0,11,8,3,0,,
76,BR,Bihar,BR_Arwal,Arwal,96,23,73,0,0,0,-3,3,0,,
77,BR,Bihar,BR_Aurangabad,Aurangabad,193,40,152,1,0,3,-8,11,0,,
78,BR,Bihar,BR_Banka,Banka,223,51,172,0,0,0,0,0,0,,
79,BR,Bihar,BR_Begusarai,Begusarai,382,42,337,3,0,8,2,7,-1,,
80,BR,Bihar,BR_Bhagalpur,Bhagalpur,401,79,321,1,0,12,11,1,0,,
81,BR,Bihar,BR_Bhojpur,Bhojpur,166,27,137,2,0,0,0,0,0,,
82,BR,Bihar,BR_Buxar,Buxar,210,46,164,0,0,0,-17,17,0,,
83,BR,Bihar,BR_Darbhanga,Darbhanga,282,91,186,5,0,1,-14,15,0,,
101,BR,Bihar,BR_East Champaran,East Champaran,174,16,157,1,0,0,-1,1,0,,
84,BR,Bihar,BR_Gaya,Gaya,192,51,139,2,0,8,8,0,0,,
85,BR,Bihar,BR_Gopalganj,Gopalganj,240,56,184,0,0,13,13,0,0,,
86,BR,Bihar,BR_Jamui,Jamui,69,21,47,1,0,0,0,0,0,,
87,BR,Bihar,BR_Jehanabad,Jehanabad,225,22,201,2,0,1,-10,11,0,,
88,BR,Bihar,BR_Kaimur,Kaimur,149,9,140,0,0,0,-1,1,0,,
89,BR,Bihar,BR_Katihar,Katihar,277,41,235,1,0,3,-1,4,0,,
90,BR,Bihar,BR_Khagaria,Khagaria,297,2,292,3,0,0,-3,3,0,,
91,BR,Bihar,BR_Kishanganj,Kishanganj,151,25,126,0,0,2,2,0,0,,
92,BR,Bihar,BR_Lakhisarai,Lakhisarai,108,38,70,0,0,0,0,0,0,,
93,BR,Bihar,BR_Madhepura,Madhepura,168,23,144,1,0,0,-10,10,0,,
94,BR,Bihar,BR_Madhubani,Madhubani,400,126,272,2,0,0,-1,0,1,,
95,BR,Bihar,BR_Munger,Munger,332,57,274,1,0,10,4,6,0,,
96,BR,Bihar,BR_Muzaffarpur,Muzaffarpur,267,88,177,2,0,0,-2,2,0,,
97,BR,Bihar,BR_Nalanda,Nalanda,198,35,160,3,0,3,1,2,0,,
98,BR,Bihar,BR_Nawada,Nawada,240,46,192,2,0,11,11,0,0,,
100,BR,Bihar,BR_Patna,Patna,529,234,290,5,0,13,13,0,0,,
102,BR,Bihar,BR_Purnia,Purnia,287,34,253,0,0,3,-28,31,0,,
103,BR,Bihar,BR_Rohtas,Rohtas,322,16,305,1,0,0,-8,8,0,,
104,BR,Bihar,BR_Saharsa,Saharsa,159,67,92,0,0,0,0,0,0,,
105,BR,Bihar,BR_Samastipur,Samastipur,309,141,166,2,0,8,8,0,0,,
106,BR,Bihar,BR_Saran,Saran,197,32,160,5,0,9,9,0,0,,
107,BR,Bihar,BR_Sheikhpura,Sheikhpura,137,23,114,0,0,3,-8,11,0,,
108,BR,Bihar,BR_Sheohar,Sheohar,78,4,73,1,0,0,-1,1,0,,
109,BR,Bihar,BR_Sitamarhi,Sitamarhi,130,12,116,2,0,0,0,0,0,,
110,BR,Bihar,BR_Siwan,Siwan,400,157,241,2,0,1,-17,18,0,,
111,BR,Bihar,BR_Supaul,Supaul,222,24,198,0,0,0,-18,18,0,,
112,BR,Bihar,BR_Vaishali,Vaishali,140,25,112,3,0,0,-9,9,0,,
99,BR,Bihar,BR_West Champaran,West Champaran,147,34,112,1,0,0,4,-4,0,,
113,CH,Chandigarh,CH_Chandigarh,Chandigarh,424,83,335,6,0,1,-5,6,0,,
0,CT,Chhattisgarh,CT_Other State,Other State,1,0,1,0,0,0,0,0,0,,
114,CT,Chhattisgarh,CT_Balod,Balod,44,3,41,0,0,0,0,0,0,,
115,CT,Chhattisgarh,CT_Baloda Bazar,Baloda Bazar,225,53,172,0,0,0,0,0,0,,
116,CT,Chhattisgarh,CT_Balrampur,Balrampur,114,42,72,0,0,0,0,0,0,,
117,CT,Chhattisgarh,CT_Bametara,Bametara,46,5,41,0,0,0,0,0,0,,
118,CT,Chhattisgarh,CT_Bastar,Bastar,7,2,4,1,0,0,0,0,0,,
119,CT,Chhattisgarh,CT_Bijapur,Bijapur,1,1,0,0,0,0,0,0,0,,
120,CT,Chhattisgarh,CT_Bilaspur,Bilaspur,172,0,170,2,0,0,0,0,0,,
121,CT,Chhattisgarh,CT_Dakshin Bastar Dantewada,Dakshin Bastar Dantewada,3,1,2,0,0,0,0,0,0,,
122,CT,Chhattisgarh,CT_Dhamtari,Dhamtari,8,0,7,1,0,0,0,0,0,,
123,CT,Chhattisgarh,CT_Durg,Durg,109,43,63,3,0,0,0,0,0,,
124,CT,Chhattisgarh,CT_Gariaband,Gariaband,29,9,20,0,0,0,0,0,0,,
125,CT,Chhattisgarh,CT_Janjgir Champa,Janjgir Champa,221,100,121,0,0,0,0,0,0,,
126,CT,Chhattisgarh,CT_Jashpur,Jashpur,125,43,82,0,0,0,0,0,0,,
127,CT,Chhattisgarh,CT_Kabeerdham,Kabeerdham,92,6,86,0,0,0,0,0,0,,
128,CT,Chhattisgarh,CT_Kondagaon,Kondagaon,3,1,2,0,0,0,0,0,0,,
129,CT,Chhattisgarh,CT_Korba,Korba,306,72,234,0,0,0,0,0,0,,
130,CT,Chhattisgarh,CT_Koriya,Koriya,56,7,49,0,0,0,0,0,0,,
131,CT,Chhattisgarh,CT_Mahasamund,Mahasamund,82,7,74,1,0,0,0,0,0,,
132,CT,Chhattisgarh,CT_Mungeli,Mungeli,121,17,104,0,0,0,0,0,0,,
133,CT,Chhattisgarh,CT_Narayanpur,Narayanpur,9,7,2,0,0,0,0,0,0,,
134,CT,Chhattisgarh,CT_Raigarh,Raigarh,98,24,73,1,0,0,0,0,0,,
135,CT,Chhattisgarh,CT_Raipur,Raipur,245,94,150,1,0,0,0,0,0,,
136,CT,Chhattisgarh,CT_Rajnandgaon,Rajnandgaon,213,123,88,2,0,0,0,0,0,,
137,CT,Chhattisgarh,CT_Sukma,Sukma,5,5,0,0,0,0,0,0,0,,
138,CT,Chhattisgarh,CT_Surajpur,Surajpur,24,6,18,0,0,0,0,0,0,,
139,CT,Chhattisgarh,CT_Surguja,Surguja,49,24,25,0,0,0,0,0,0,,
140,CT,Chhattisgarh,CT_Uttar Bastar Kanker,Uttar Bastar Kanker,45,20,25,0,0,0,0,0,0,,
766,CT,Chhattisgarh,CT_Gaurela Pendra Marwahi,Gaurela Pendra Marwahi,3,0,3,0,0,0,0,0,0,,
144,DL,Delhi,DL_Central Delhi,Central Delhi,184,184,0,0,0,0,0,0,0,,
145,DL,Delhi,DL_East Delhi,East Delhi,38,38,0,0,0,0,0,0,0,,
146,DL,Delhi,DL_New Delhi,New Delhi,37,37,0,0,0,0,0,0,0,,
147,DL,Delhi,DL_North Delhi,North Delhi,60,60,0,0,0,0,0,0,0,,
148,DL,Delhi,DL_North East Delhi,North East Delhi,25,25,0,0,0,0,0,0,0,,
149,DL,Delhi,DL_North West Delhi,North West Delhi,32,31,0,1,0,0,0,0,0,,
150,DL,Delhi,DL_Shahdara,Shahdara,48,48,0,0,0,0,0,0,0,,
151,DL,Delhi,DL_South Delhi,South Delhi,70,70,0,0,0,0,0,0,0,,
152,DL,Delhi,DL_South East Delhi,South East Delhi,130,130,0,0,0,0,0,0,0,,
153,DL,Delhi,DL_South West Delhi,South West Delhi,42,42,0,0,0,0,0,0,0,,
154,DL,Delhi,DL_West Delhi,West Delhi,122,122,0,0,0,0,0,0,0,,
0,DN,Dadra and Nagar Haveli and Daman and Diu,DN_Other State,Other State,0,0,0,0,0,0,0,0,0,,
141,DN,Dadra and Nagar Haveli and Daman and Diu,DN_Dadra and Nagar Haveli,Dadra and Nagar Haveli,87,48,38,0,1,8,-1,9,0,,
142,DN,Dadra and Nagar Haveli and Daman and Diu,DN_Daman,Daman,70,60,10,0,0,7,4,3,0,,
143,DN,Dadra and Nagar Haveli and Daman and Diu,DN_Diu,Diu,12,10,2,0,0,0,0,0,0,,
0,GA,Goa,GA_Other State,Other State,4,4,0,0,0,0,0,0,0,,
155,GA,Goa,GA_North Goa,North Goa,6,-1,6,1,0,0,0,0,0,,
156,GA,Goa,GA_South Goa,South Goa,377,316,61,0,0,0,0,0,0,,
0,GJ,Gujarat,GJ_Other State,Other State,60,51,8,1,0,0,0,0,0,,
157,GJ,Gujarat,GJ_Ahmedabad,Ahmedabad,19839,3398,15051,1390,0,0,0,0,0,,
158,GJ,Gujarat,GJ_Amreli,Amreli,54,26,23,5,0,0,0,0,0,,
159,GJ,Gujarat,GJ_Anand,Anand,174,14,147,13,0,0,0,0,0,,
160,GJ,Gujarat,GJ_Aravalli,Aravalli,188,29,144,15,0,0,0,0,0,,
161,GJ,Gujarat,GJ_Banaskantha,Banaskantha,168,17,143,8,0,0,0,0,0,,
162,GJ,Gujarat,GJ_Bharuch,Bharuch,181,85,90,6,0,0,0,0,0,,
163,GJ,Gujarat,GJ_Bhavnagar,Bhavnagar,218,59,146,13,0,0,0,0,0,,
164,GJ,Gujarat,GJ_Botad,Botad,78,14,62,2,0,0,0,0,0,,
165,GJ,Gujarat,GJ_Chhota Udaipur,Chhota Udaipur,46,7,37,2,0,0,0,0,0,,
167,GJ,Gujarat,GJ_Dahod,Dahod,55,11,44,0,0,0,0,0,0,,
187,GJ,Gujarat,GJ_Dang,Dang,4,0,4,0,0,0,0,0,0,,
166,GJ,Gujarat,GJ_Devbhumi Dwarka,Devbhumi Dwarka,20,4,15,1,0,0,0,0,0,,
168,GJ,Gujarat,GJ_Gandhinagar,Gandhinagar,602,157,418,27,0,0,0,0,0,,
169,GJ,Gujarat,GJ_Gir Somnath,Gir Somnath,67,18,48,1,0,0,0,0,0,,
170,GJ,Gujarat,GJ_Jamnagar,Jamnagar,174,93,77,4,0,0,0,0,0,,
171,GJ,Gujarat,GJ_Junagadh,Junagadh,74,27,46,1,0,0,0,0,0,,
173,GJ,Gujarat,GJ_Kheda,Kheda,131,29,97,5,0,0,0,0,0,,
172,GJ,Gujarat,GJ_Kutch,Kutch,127,35,87,5,0,0,0,0,0,,
175,GJ,Gujarat,GJ_Mahisagar,Mahisagar,133,21,110,2,0,0,0,0,0,,
174,GJ,Gujarat,GJ_Mehsana,Mehsana,228,79,138,11,0,0,0,0,0,,
176,GJ,Gujarat,GJ_Morbi,Morbi,11,4,6,1,0,0,0,0,0,,
177,GJ,Gujarat,GJ_Narmada,Narmada,79,47,32,0,0,0,0,0,0,,
178,GJ,Gujarat,GJ_Navsari,Navsari,64,25,38,1,0,0,0,0,0,,
179,GJ,Gujarat,GJ_Panchmahal,Panchmahal,159,27,117,15,0,0,0,0,0,,
180,GJ,Gujarat,GJ_Patan,Patan,154,41,100,13,0,0,0,0,0,,
181,GJ,Gujarat,GJ_Porbandar,Porbandar,14,2,10,2,0,0,0,0,0,,
182,GJ,Gujarat,GJ_Rajkot,Rajkot,215,98,112,5,0,0,0,0,0,,
183,GJ,Gujarat,GJ_Sabarkantha,Sabarkantha,158,43,107,8,0,0,0,0,0,,
184,GJ,Gujarat,GJ_Surat,Surat,3876,1152,2582,142,0,0,0,0,0,,
185,GJ,Gujarat,GJ_Surendranagar,Surendranagar,106,48,53,5,0,0,0,0,0,,
186,GJ,Gujarat,GJ_Tapi,Tapi,6,1,5,0,0,0,0,0,0,,
188,GJ,Gujarat,GJ_Vadodara,Vadodara,2029,620,1362,47,0,0,0,0,0,,
189,GJ,Gujarat,GJ_Valsad,Valsad,88,38,47,3,0,0,0,0,0,,
212,HP,Himachal Pradesh,HP_Bilaspur,Bilaspur,38,12,26,0,0,0,0,0,0,,
213,HP,Himachal Pradesh,HP_Chamba,Chamba,50,11,38,0,1,0,-1,1,0,,
214,HP,Himachal Pradesh,HP_Hamirpur,Hamirpur,225,108,116,1,0,0,-2,2,0,,
215,HP,Himachal Pradesh,HP_Kangra,Kangra,238,101,134,3,0,10,-1,11,0,Death of Tibetan refugee on March 22 included in Kangra district's tally,
216,HP,Himachal Pradesh,HP_Kinnaur,Kinnaur,4,1,3,0,0,0,0,0,0,,
217,HP,Himachal Pradesh,HP_Kullu,Kullu,5,1,4,0,0,0,0,0,0,,
218,HP,Himachal Pradesh,HP_Lahaul and Spiti,Lahaul and Spiti,0,0,0,0,0,0,0,0,0,,
219,HP,Himachal Pradesh,HP_Mandi,Mandi,24,1,21,2,0,0,0,0,0,,
220,HP,Himachal Pradesh,HP_Shimla,Shimla,39,19,17,2,1,0,-1,1,0,,
221,HP,Himachal Pradesh,HP_Sirmaur,Sirmaur,36,12,17,0,7,0,0,0,0,,
222,HP,Himachal Pradesh,HP_Solan,Solan,92,45,43,0,4,1,0,1,0,,
223,HP,Himachal Pradesh,HP_Una,Una,99,27,72,0,0,0,-1,1,0,,
0,HR,Haryana,HR_Foreign Evacuees,Foreign Evacuees,21,15,6,0,0,0,0,0,0,,
190,HR,Haryana,HR_Ambala,Ambala,309,86,220,3,0,7,-20,27,0,,
191,HR,Haryana,HR_Bhiwani,Bhiwani,355,245,107,3,0,24,22,2,0,,
192,HR,Haryana,HR_Charkhi Dadri,Charkhi Dadri,69,23,45,1,0,0,0,0,0,,
193,HR,Haryana,HR_Faridabad,Faridabad,3134,1329,1735,70,0,194,-46,238,2,,
194,HR,Haryana,HR_Fatehabad,Fatehabad,98,20,78,0,0,0,0,0,0,,
195,HR,Haryana,HR_Gurugram,Gurugram,4944,1596,3267,81,0,93,-138,226,5,,
196,HR,Haryana,HR_Hisar,Hisar,214,88,120,6,0,0,-5,0,5,,
0,HR,Haryana,HR_Italians,Italians,14,0,14,0,0,0,0,0,0,,
197,HR,Haryana,HR_Jhajjar,Jhajjar,226,80,143,3,0,9,2,7,0,,
198,HR,Haryana,HR_Jind,Jind,100,60,36,4,0,4,4,0,0,,
199,HR,Haryana,HR_Kaithal,Kaithal,78,24,54,0,0,0,0,0,0,,
200,HR,Haryana,HR_Karnal,Karnal,269,102,162,5,0,7,6,0,1,,
201,HR,Haryana,HR_Kurukshetra,Kurukshetra,113,35,78,0,0,1,-11,12,0,,
202,HR,Haryana,HR_Mahendragarh,Mahendragarh,211,59,152,0,0,10,5,5,0,,
203,HR,Haryana,HR_Nuh,Nuh,167,28,139,0,0,6,3,3,0,,
204,HR,Haryana,HR_Palwal,Palwal,298,85,211,2,0,8,0,8,0,,
205,HR,Haryana,HR_Panchkula,Panchkula,105,55,50,0,0,2,2,0,0,,
206,HR,Haryana,HR_Panipat,Panipat,152,38,107,7,0,0,0,0,0,,
207,HR,Haryana,HR_Rewari,Rewari,221,135,82,4,0,0,0,0,0,,
208,HR,Haryana,HR_Rohtak,Rohtak,503,91,405,7,0,15,15,0,0,,
209,HR,Haryana,HR_Sirsa,Sirsa,94,18,76,0,0,1,-2,3,0,,
210,HR,Haryana,HR_Sonipat,Sonipat,1094,414,665,15,0,35,-56,91,0,,
211,HR,Haryana,HR_Yamunanagar,Yamunanagar,95,31,64,0,0,5,-9,14,0,,
246,JH,Jharkhand,JH_Bokaro,Bokaro,37,8,27,2,0,0,0,0,0,,
247,JH,Jharkhand,JH_Chatra,Chatra,43,7,36,0,0,0,0,0,0,,
248,JH,Jharkhand,JH_Deoghar,Deoghar,37,27,10,0,0,0,0,0,0,,
249,JH,Jharkhand,JH_Dhanbad,Dhanbad,127,18,109,0,0,0,0,0,0,,
250,JH,Jharkhand,JH_Dumka,Dumka,4,0,4,0,0,0,0,0,0,,
264,JH,Jharkhand,JH_East Singhbhum,East Singhbhum,352,166,186,0,0,0,0,0,0,,
251,JH,Jharkhand,JH_Garhwa,Garhwa,97,0,97,0,0,0,0,0,0,,
252,JH,Jharkhand,JH_Giridih,Giridih,80,28,51,1,0,0,0,0,0,,
253,JH,Jharkhand,JH_Godda,Godda,8,7,1,0,0,0,0,0,0,,
254,JH,Jharkhand,JH_Gumla,Gumla,110,41,68,1,0,0,0,0,0,,
255,JH,Jharkhand,JH_Hazaribagh,Hazaribagh,179,55,122,2,0,0,0,0,0,,
256,JH,Jharkhand,JH_Jamtara,Jamtara,28,8,20,0,0,0,0,0,0,,
257,JH,Jharkhand,JH_Khunti,Khunti,28,5,23,0,0,0,0,0,0,,
258,JH,Jharkhand,JH_Koderma,Koderma,171,61,109,1,0,0,0,0,0,,
259,JH,Jharkhand,JH_Latehar,Latehar,54,6,48,0,0,0,0,0,0,,
260,JH,Jharkhand,JH_Lohardaga,Lohardaga,53,12,41,0,0,0,0,0,0,,
261,JH,Jharkhand,JH_Pakur,Pakur,30,0,30,0,0,0,0,0,0,,
262,JH,Jharkhand,JH_Palamu,Palamu,51,6,45,0,0,0,0,0,0,,
265,JH,Jharkhand,JH_Ramgarh,Ramgarh,120,32,88,0,0,0,0,0,0,,
266,JH,Jharkhand,JH_Ranchi,Ranchi,204,50,149,5,0,0,0,0,0,,
267,JH,Jharkhand,JH_Sahibganj,Sahibganj,4,1,3,0,0,0,0,0,0,,
268,JH,Jharkhand,JH_Saraikela-Kharsawan,Saraikela-Kharsawan,36,6,30,0,0,0,0,0,0,,
269,JH,Jharkhand,JH_Simdega,Simdega,351,80,271,0,0,0,0,0,0,,
263,JH,Jharkhand,JH_West Singhbhum,West Singhbhum,57,20,37,0,0,0,0,0,0,,
224,JK,Jammu and Kashmir,JK_Anantnag,Anantnag,622,160,456,6,0,0,0,0,0,,
226,JK,Jammu and Kashmir,JK_Bandipora,Bandipora,283,44,238,1,0,0,0,0,0,,
227,JK,Jammu and Kashmir,JK_Baramulla,Baramulla,685,324,347,14,0,0,0,0,0,,
225,JK,Jammu and Kashmir,JK_Budgam,Budgam,347,161,180,6,0,0,0,0,0,,
228,JK,Jammu and Kashmir,JK_Doda,Doda,72,17,54,1,0,0,0,0,0,,
229,JK,Jammu and Kashmir,JK_Ganderbal,Ganderbal,82,23,59,0,0,0,0,0,0,,
230,JK,Jammu and Kashmir,JK_Jammu,Jammu,322,68,247,7,0,0,0,0,0,,
231,JK,Jammu and Kashmir,JK_Kathua,Kathua,206,87,119,0,0,0,0,0,0,,
232,JK,Jammu and Kashmir,JK_Kishtwar,Kishtwar,25,9,16,0,0,0,0,0,0,,
233,JK,Jammu and Kashmir,JK_Kulgam,Kulgam,744,244,489,11,0,0,0,0,0,,
234,JK,Jammu and Kashmir,JK_Kupwara,Kupwara,491,126,360,5,0,0,0,0,0,,
235,JK,Jammu and Kashmir,JK_Mirpur,Mirpur,0,0,0,0,0,0,0,0,0,,
236,JK,Jammu and Kashmir,JK_Muzaffarabad,Muzaffarabad,0,0,0,0,0,0,0,0,0,,
237,JK,Jammu and Kashmir,JK_Pulwama,Pulwama,386,214,168,4,0,0,0,0,0,,
238,JK,Jammu and Kashmir,JK_Punch,Punch,118,26,91,1,0,0,0,0,0,,
239,JK,Jammu and Kashmir,JK_Rajouri,Rajouri,94,56,37,1,0,0,0,0,0,,
240,JK,Jammu and Kashmir,JK_Ramban,Ramban,213,62,151,0,0,0,0,0,0,,
241,JK,Jammu and Kashmir,JK_Reasi,Reasi,37,12,25,0,0,0,0,0,0,,
242,JK,Jammu and Kashmir,JK_Samba,Samba,134,69,65,0,0,0,0,0,0,,
243,JK,Jammu and Kashmir,JK_Shopiyan,Shopiyan,686,197,479,10,0,0,0,0,0,,
244,JK,Jammu and Kashmir,JK_Srinagar,Srinagar,785,529,234,22,0,0,0,0,0,,
245,JK,Jammu and Kashmir,JK_Udhampur,Udhampur,217,64,152,1,0,0,0,0,0,,
270,KA,Karnataka,KA_Bagalkote,Bagalkote,161,46,113,2,0,6,-8,13,1,,
271,KA,Karnataka,KA_Ballari,Ballari,602,361,232,9,0,47,8,38,1,,
272,KA,Karnataka,KA_Belagavi,Belagavi,317,20,296,1,0,1,0,1,0,,
274,KA,Karnataka,KA_Bengaluru Rural,Bengaluru Rural,73,55,14,4,0,3,3,0,0,,
273,KA,Karnataka,KA_Bengaluru Urban,Bengaluru Urban,1935,1326,527,81,1,144,120,21,3,,
275,KA,Karnataka,KA_Bidar,Bidar,538,126,396,16,0,1,0,0,1,,
276,KA,Karnataka,KA_Chamarajanagara,Chamarajanagara,20,19,1,0,0,11,11,0,0,,
277,KA,Karnataka,KA_Chikkaballapura,Chikkaballapura,182,27,152,2,1,0,-5,5,0,,
278,KA,Karnataka,KA_Chikkamagaluru,Chikkamagaluru,48,24,23,1,0,4,4,0,0,,
279,KA,Karnataka,KA_Chitradurga,Chitradurga,48,7,41,0,0,1,1,0,0,,
280,KA,Karnataka,KA_Dakshina Kannada,Dakshina Kannada,519,143,366,8,2,33,1,32,0,,
281,KA,Karnataka,KA_Davanagere,Davanagere,283,39,237,7,0,1,-9,10,0,,
282,KA,Karnataka,KA_Dharwad,Dharwad,274,116,154,4,0,30,16,13,1,,
283,KA,Karnataka,KA_Gadag,Gadag,116,69,45,2,0,12,12,0,0,,
284,KA,Karnataka,KA_Hassan,Hassan,314,83,230,1,0,3,3,0,0,,
285,KA,Karnataka,KA_Haveri,Haveri,56,31,25,0,0,2,2,0,0,,
286,KA,Karnataka,KA_Kalaburagi,Kalaburagi,1331,381,935,15,0,42,-34,75,1,,
287,KA,Karnataka,KA_Kodagu,Kodagu,30,27,3,0,0,4,4,0,0,,
288,KA,Karnataka,KA_Kolar,Kolar,90,47,42,1,0,6,-1,6,1,,
289,KA,Karnataka,KA_Koppal,Koppal,80,59,20,1,0,36,36,0,0,,
290,KA,Karnataka,KA_Mandya,Mandya,388,54,334,0,0,6,6,0,0,,
291,KA,Karnataka,KA_Mysuru,Mysuru,223,96,126,1,0,5,4,1,0,,
0,KA,Karnataka,KA_Other State,Other State,36,1,32,3,0,0,0,0,0,,
292,KA,Karnataka,KA_Raichur,Raichur,457,100,355,2,0,14,14,0,0,,
293,KA,Karnataka,KA_Ramanagara,Ramanagara,148,127,17,4,0,1,-10,11,0,,
294,KA,Karnataka,KA_Shivamogga,Shivamogga,129,31,96,2,0,6,2,3,1,,
295,KA,Karnataka,KA_Tumakuru,Tumakuru,60,18,39,3,0,2,2,0,0,,
296,KA,Karnataka,KA_Udupi,Udupi,1125,95,1028,2,0,9,-8,17,0,,
297,KA,Karnataka,KA_Uttara Kannada,Uttara Kannada,173,51,122,0,0,6,6,0,0,,
298,KA,Karnataka,KA_Vijayapura,Vijayapura,333,94,232,7,0,2,2,0,0,,
299,KA,Karnataka,KA_Yadgir,Yadgir,916,230,685,1,0,7,7,0,0,,
0,KL,Kerala,KL_Other State,Other State,2,2,0,0,0,0,0,0,0,,
300,KL,Kerala,KL_Alappuzha,Alappuzha,263,163,99,1,0,21,21,0,0,,
301,KL,Kerala,KL_Ernakulam,Ernakulam,218,131,85,1,1,9,9,0,0,,
302,KL,Kerala,KL_Idukki,Idukki,97,53,44,0,0,2,-3,5,0,,
303,KL,Kerala,KL_Kannur,Kannur,397,127,265,5,0,13,12,1,0,,
304,KL,Kerala,KL_Kasaragod,Kasaragod,423,129,294,0,0,2,1,1,0,,
305,KL,Kerala,KL_Kollam,Kollam,299,200,97,2,0,16,6,10,0,,
306,KL,Kerala,KL_Kottayam,Kottayam,198,107,90,1,0,18,16,2,0,,
307,KL,Kerala,KL_Kozhikode,Kozhikode,234,70,163,1,0,7,-4,11,0,,
308,KL,Kerala,KL_Malappuram,Malappuram,401,182,216,3,0,16,-2,18,0,,
309,KL,Kerala,KL_Palakkad,Palakkad,471,247,222,1,1,23,21,2,0,,
310,KL,Kerala,KL_Pathanamthitta,Pathanamthitta,266,187,79,0,0,4,4,0,0,,
311,KL,Kerala,KL_Thiruvananthapuram,Thiruvananthapuram,189,70,115,4,0,7,7,0,0,,
312,KL,Kerala,KL_Thrissur,Thrissur,334,139,192,3,0,7,-8,15,0,,
313,KL,Kerala,KL_Wayanad,Wayanad,85,39,45,1,0,5,5,0,0,,
314,LA,Ladakh,LA_Kargil,Kargil,690,435,255,0,0,0,0,0,0,,
315,LA,Ladakh,LA_Leh,Leh,251,147,103,1,0,0,0,0,0,,
316,LD,Lakshadweep,LD_Lakshadweep,Lakshadweep,0,0,0,0,0,0,0,0,0,,
369,MH,Maharashtra,MH_Ahmednagar,Ahmednagar,302,54,236,12,0,0,0,0,0,,
370,MH,Maharashtra,MH_Akola,Akola,1352,453,827,71,1,0,0,0,0,,
371,MH,Maharashtra,MH_Amravati,Amravati,486,130,332,24,0,0,0,0,0,,
372,MH,Maharashtra,MH_Aurangabad,Aurangabad,4084,1823,2050,211,0,0,0,0,0,,
374,MH,Maharashtra,MH_Beed,Beed,102,29,70,3,0,0,0,0,0,,
373,MH,Maharashtra,MH_Bhandara,Bhandara,79,28,51,0,0,0,0,0,0,,
375,MH,Maharashtra,MH_Buldhana,Buldhana,181,38,131,12,0,0,0,0,0,,
376,MH,Maharashtra,MH_Chandrapur,Chandrapur,65,17,48,0,0,0,0,0,0,,
377,MH,Maharashtra,MH_Dhule,Dhule,615,194,372,47,2,0,0,0,0,,
378,MH,Maharashtra,MH_Gadchiroli,Gadchiroli,60,12,47,1,0,0,0,0,0,,
379,MH,Maharashtra,MH_Gondia,Gondia,103,17,86,0,0,0,0,0,0,,
380,MH,Maharashtra,MH_Hingoli,Hingoli,265,32,232,1,0,0,0,0,0,,
381,MH,Maharashtra,MH_Jalgaon,Jalgaon,2652,1087,1361,204,0,0,0,0,0,,
382,MH,Maharashtra,MH_Jalna,Jalna,411,117,282,12,0,0,0,0,0,,
383,MH,Maharashtra,MH_Kolhapur,Kolhapur,774,66,700,8,0,0,0,0,0,,
384,MH,Maharashtra,MH_Latur,Latur,241,63,165,13,0,0,0,0,0,,
385,MH,Maharashtra,MH_Mumbai,Mumbai,70878,27659,39149,4062,8,0,0,0,0,,
386,MH,Maharashtra,MH_Mumbai Suburban,Mumbai Suburban,0,0,0,0,0,0,0,0,0,,
387,MH,Maharashtra,MH_Nagpur,Nagpur,1418,440,965,13,0,0,0,0,0,,
388,MH,Maharashtra,MH_Nanded,Nanded,304,68,225,11,0,0,0,0,0,,
389,MH,Maharashtra,MH_Nandurbar,Nandurbar,90,32,52,6,0,0,0,0,0,,
390,MH,Maharashtra,MH_Nashik,Nashik,3276,1309,1773,194,0,0,0,0,0,,
391,MH,Maharashtra,MH_Osmanabad,Osmanabad,190,42,140,8,0,0,0,0,0,,
0,MH,Maharashtra,MH_Other State,Other State,121,98,0,23,0,0,0,0,0,,
392,MH,Maharashtra,MH_Palghar,Palghar,4263,2976,1188,99,0,0,0,0,0,,
393,MH,Maharashtra,MH_Parbhani,Parbhani,91,12,75,4,0,0,0,0,0,,
394,MH,Maharashtra,MH_Pune,Pune,18015,7650,9706,659,0,0,0,0,0,,
395,MH,Maharashtra,MH_Raigad,Raigad,3085,1169,1820,94,2,0,0,0,0,,
396,MH,Maharashtra,MH_Ratnagiri,Ratnagiri,529,130,374,25,0,0,0,0,0,,
397,MH,Maharashtra,MH_Sangli,Sangli,320,117,194,9,0,0,0,0,0,,
398,MH,Maharashtra,MH_Satara,Satara,891,175,673,42,1,0,0,0,0,,
399,MH,Maharashtra,MH_Sindhudurg,Sindhudurg,190,39,147,4,0,0,0,0,0,,
400,MH,Maharashtra,MH_Solapur,Solapur,2440,883,1321,236,0,0,0,0,0,,
401,MH,Maharashtra,MH_Thane,Thane,29488,16253,12424,810,1,0,0,0,0,,
402,MH,Maharashtra,MH_Wardha,Wardha,15,3,11,1,0,0,0,0,0,,
403,MH,Maharashtra,MH_Washim,Washim,86,30,53,3,0,0,0,0,0,,
404,MH,Maharashtra,MH_Yavatmal,Yavatmal,279,97,173,9,0,0,0,0,0,,
421,ML,Meghalaya,ML_East Garo Hills,East Garo Hills,0,0,0,0,0,0,0,0,0,,
422,ML,Meghalaya,ML_East Jaintia Hills,East Jaintia Hills,0,0,0,0,0,0,0,0,0,,
423,ML,Meghalaya,ML_East Khasi Hills,East Khasi Hills,25,7,17,1,0,0,0,0,0,,
424,ML,Meghalaya,ML_North Garo Hills,North Garo Hills,1,0,1,0,0,0,0,0,0,,
425,ML,Meghalaya,ML_Ribhoi,Ribhoi,1,1,0,0,0,1,1,0,0,,
426,ML,Meghalaya,ML_South Garo Hills,South Garo Hills,0,0,0,0,0,0,0,0,0,,
427,ML,Meghalaya,ML_South West Garo Hills,South West Garo Hills,7,3,4,0,0,0,0,0,0,,
428,ML,Meghalaya,ML_South West Khasi Hills,South West Khasi Hills,0,0,0,0,0,0,0,0,0,,
429,ML,Meghalaya,ML_West Garo Hills,West Garo Hills,5,1,4,0,0,0,0,0,0,,
430,ML,Meghalaya,ML_West Jaintia Hills,West Jaintia Hills,5,0,5,0,0,0,0,0,0,,
431,ML,Meghalaya,ML_West Khasi Hills,West Khasi Hills,1,1,0,0,0,0,0,0,0,,
405,MN,Manipur,MN_Bishnupur,Bishnupur,79,22,57,0,0,0,0,0,0,,
406,MN,Manipur,MN_Chandel,Chandel,38,34,4,0,0,0,0,0,0,,
407,MN,Manipur,MN_Churachandpur,Churachandpur,119,64,55,0,0,3,3,0,0,,
408,MN,Manipur,MN_Imphal East,Imphal East,36,20,16,0,0,0,0,0,0,,
409,MN,Manipur,MN_Imphal West,Imphal West,77,25,52,0,0,0,0,0,0,,
410,MN,Manipur,MN_Jiribam,Jiribam,3,1,2,0,0,0,0,0,0,,
411,MN,Manipur,MN_Kakching,Kakching,73,48,25,0,0,0,0,0,0,,
412,MN,Manipur,MN_Kamjong,Kamjong,58,41,17,0,0,1,1,0,0,,
413,MN,Manipur,MN_Kangpokpi,Kangpokpi,102,84,18,0,0,0,0,0,0,,
414,MN,Manipur,MN_Noney,Noney,23,6,17,0,0,0,0,0,0,,
415,MN,Manipur,MN_Pherzawl,Pherzawl,32,29,3,0,0,0,0,0,0,,
416,MN,Manipur,MN_Senapati,Senapati,91,81,10,0,0,1,1,0,0,,
417,MN,Manipur,MN_Tamenglong,Tamenglong,162,137,25,0,0,0,0,0,0,,
418,MN,Manipur,MN_Tengnoupal,Tengnoupal,14,1,13,0,0,0,0,0,0,,
419,MN,Manipur,MN_Thoubal,Thoubal,52,29,23,0,0,9,9,0,0,,
420,MN,Manipur,MN_Ukhrul,Ukhrul,116,99,17,0,0,5,5,0,0,,
317,MP,Madhya Pradesh,MP_Agar Malwa,Agar Malwa,16,1,14,1,0,0,0,0,0,,
318,MP,Madhya Pradesh,MP_Alirajpur,Alirajpur,3,0,3,0,0,0,0,0,0,,
319,MP,Madhya Pradesh,MP_Anuppur,Anuppur,29,0,29,0,0,0,0,0,0,,
320,MP,Madhya Pradesh,MP_Ashoknagar,Ashoknagar,43,2,40,1,0,0,0,0,0,,
321,MP,Madhya Pradesh,MP_Balaghat,Balaghat,20,8,12,0,0,0,0,0,0,,
322,MP,Madhya Pradesh,MP_Barwani,Barwani,97,23,71,3,0,0,0,0,0,,
323,MP,Madhya Pradesh,MP_Betul,Betul,49,11,38,0,0,0,0,0,0,,
324,MP,Madhya Pradesh,MP_Bhind,Bhind,176,63,113,0,0,0,0,0,0,,
325,MP,Madhya Pradesh,MP_Bhopal,Bhopal,2633,657,1882,94,0,0,0,0,0,,
326,MP,Madhya Pradesh,MP_Burhanpur,Burhanpur,391,6,362,23,0,0,0,0,0,,
327,MP,Madhya Pradesh,MP_Chhatarpur,Chhatarpur,54,6,48,0,0,0,0,0,0,,
328,MP,Madhya Pradesh,MP_Chhindwara,Chhindwara,43,20,21,2,0,0,0,0,0,,
329,MP,Madhya Pradesh,MP_Damoh,Damoh,32,5,27,0,0,0,0,0,0,,
330,MP,Madhya Pradesh,MP_Datia,Datia,21,0,20,1,0,0,0,0,0,,
331,MP,Madhya Pradesh,MP_Dewas,Dewas,208,34,164,10,0,0,0,0,0,,
332,MP,Madhya Pradesh,MP_Dhar,Dhar,161,24,132,5,0,0,0,0,0,,
333,MP,Madhya Pradesh,MP_Dindori,Dindori,30,1,29,0,0,0,0,0,0,,
335,MP,Madhya Pradesh,MP_Guna,Guna,12,2,9,1,0,0,0,0,0,,
336,MP,Madhya Pradesh,MP_Gwalior,Gwalior,312,51,259,2,0,0,0,0,0,,
337,MP,Madhya Pradesh,MP_Harda,Harda,26,8,17,1,0,0,0,0,0,,
338,MP,Madhya Pradesh,MP_Hoshangabad,Hoshangabad,41,4,34,3,0,0,0,0,0,,
339,MP,Madhya Pradesh,MP_Indore,Indore,4507,952,3344,211,0,0,0,0,0,,
340,MP,Madhya Pradesh,MP_Jabalpur,Jabalpur,378,67,297,14,0,0,0,0,0,,
341,MP,Madhya Pradesh,MP_Jhabua,Jhabua,15,0,14,1,0,0,0,0,0,,
342,MP,Madhya Pradesh,MP_Katni,Katni,15,6,7,2,0,0,0,0,0,,
334,MP,Madhya Pradesh,MP_Khandwa,Khandwa,293,13,263,17,0,0,0,0,0,,
368,MP,Madhya Pradesh,MP_Khargone,Khargone,269,37,218,14,0,0,0,0,0,,
343,MP,Madhya Pradesh,MP_Mandla,Mandla,6,1,4,1,0,0,0,0,0,,
344,MP,Madhya Pradesh,MP_Mandsaur,Mandsaur,105,7,89,9,0,0,0,0,0,,
345,MP,Madhya Pradesh,MP_Morena,Morena,224,76,147,1,0,0,0,0,0,,
346,MP,Madhya Pradesh,MP_Narsinghpur,Narsinghpur,30,11,19,0,0,0,0,0,0,,
347,MP,Madhya Pradesh,MP_Neemuch,Neemuch,435,32,396,7,0,0,0,0,0,,
348,MP,Madhya Pradesh,MP_Niwari,Niwari,8,8,0,0,0,0,0,0,0,,
0,MP,Madhya Pradesh,MP_Other Region,Other Region,0,0,0,0,0,0,0,0,0,,
349,MP,Madhya Pradesh,MP_Panna,Panna,29,7,22,0,0,0,0,0,0,,
350,MP,Madhya Pradesh,MP_Raisen,Raisen,108,23,80,5,0,0,0,0,0,,
351,MP,Madhya Pradesh,MP_Rajgarh,Rajgarh,82,40,37,5,0,0,0,0,0,,
352,MP,Madhya Pradesh,MP_Ratlam,Ratlam,143,19,118,6,0,0,0,0,0,,
353,MP,Madhya Pradesh,MP_Rewa,Rewa,46,7,38,1,0,0,0,0,0,,
354,MP,Madhya Pradesh,MP_Sagar,Sagar,308,65,223,20,0,0,0,0,0,,
355,MP,Madhya Pradesh,MP_Satna,Satna,29,7,20,2,0,0,0,0,0,,
356,MP,Madhya Pradesh,MP_Sehore,Sehore,13,2,9,2,0,0,0,0,0,,
357,MP,Madhya Pradesh,MP_Seoni,Seoni,11,9,2,0,0,0,0,0,0,,
358,MP,Madhya Pradesh,MP_Shahdol,Shahdol,18,3,15,0,0,0,0,0,0,,
359,MP,Madhya Pradesh,MP_Shajapur,Shajapur,54,10,41,3,0,0,0,0,0,,
360,MP,Madhya Pradesh,MP_Sheopur,Sheopur,70,13,55,2,0,0,0,0,0,,
361,MP,Madhya Pradesh,MP_Shivpuri,Shivpuri,33,12,21,0,0,0,0,0,0,,
362,MP,Madhya Pradesh,MP_Sidhi,Sidhi,20,2,17,1,0,0,0,0,0,,
363,MP,Madhya Pradesh,MP_Singrauli,Singrauli,16,4,12,0,0,0,0,0,0,,
364,MP,Madhya Pradesh,MP_Tikamgarh,Tikamgarh,30,15,14,1,0,0,0,0,0,,
365,MP,Madhya Pradesh,MP_Ujjain,Ujjain,850,57,724,69,0,0,0,0,0,,
366,MP,Madhya Pradesh,MP_Umaria,Umaria,10,0,9,1,0,0,0,0,0,,
367,MP,Madhya Pradesh,MP_Vidisha,Vidisha,43,3,40,0,0,0,0,0,0,,
432,MZ,Mizoram,MZ_Aizawl,Aizawl,37,18,19,0,0,2,-4,6,0,,
433,MZ,Mizoram,MZ_Champhai,Champhai,8,4,4,0,0,0,0,0,0,,
729,MZ,Mizoram,MZ_Hnahthial,Hnahthial,0,0,0,0,0,0,0,0,0,,
730,MZ,Mizoram,MZ_Khawzawl,Khawzawl,3,2,1,0,0,0,0,0,0,,
434,MZ,Mizoram,MZ_Kolasib,Kolasib,11,1,10,0,0,0,0,0,0,,
435,MZ,Mizoram,MZ_Lawngtlai,Lawngtlai,8,0,8,0,0,0,-8,8,0,,
436,MZ,Mizoram,MZ_Lunglei,Lunglei,47,47,0,0,0,0,0,0,0,,
437,MZ,Mizoram,MZ_Mamit,Mamit,18,17,1,0,0,0,0,0,0,,
438,MZ,Mizoram,MZ_Saiha,Saiha,9,9,0,0,0,0,0,0,0,,
728,MZ,Mizoram,MZ_Saitual,Saitual,3,0,3,0,0,0,-2,2,0,,
439,MZ,Mizoram,MZ_Serchhip,Serchhip,3,2,1,0,0,0,-1,1,0,,
0,NL,Nagaland,NL_Others,Others,22,22,0,0,0,0,0,0,0,,
440,NL,Nagaland,NL_Dimapur,Dimapur,60,43,17,0,0,0,0,0,0,,
441,NL,Nagaland,NL_Kiphire,Kiphire,4,4,0,0,0,0,0,0,0,,
442,NL,Nagaland,NL_Kohima,Kohima,29,25,4,0,0,0,0,0,0,,
443,NL,Nagaland,NL_Longleng,Longleng,1,1,0,0,0,0,0,0,0,,
444,NL,Nagaland,NL_Mokokchung,Mokokchung,0,0,0,0,0,0,0,0,0,,
445,NL,Nagaland,NL_Mon,Mon,48,48,0,0,0,0,0,0,0,,
446,NL,Nagaland,NL_Peren,Peren,161,155,6,0,0,0,-2,2,0,,
447,NL,Nagaland,NL_Phek,Phek,2,2,0,0,0,0,0,0,0,,
448,NL,Nagaland,NL_Tuensang,Tuensang,13,13,0,0,0,0,0,0,0,,
449,NL,Nagaland,NL_Wokha,Wokha,10,10,0,0,0,0,0,0,0,,
450,NL,Nagaland,NL_Zunheboto,Zunheboto,5,5,0,0,0,0,0,0,0,,
0,OR,Odisha,OR_Others,Others,21,21,0,0,0,7,7,0,0,Includes NDRF-ODRF returnees after West Bengal Amphan duty,
451,OR,Odisha,OR_Angul,Angul,59,12,47,0,0,1,1,0,0,,
452,OR,Odisha,OR_Balangir,Balangir,165,21,144,0,0,0,-1,1,0,,
453,OR,Odisha,OR_Balasore,Balasore,332,107,224,1,0,7,5,2,0,,
454,OR,Odisha,OR_Bargarh,Bargarh,68,19,48,1,0,0,-1,1,0,,
456,OR,Odisha,OR_Bhadrak,Bhadrak,225,41,184,0,0,25,25,0,0,,
455,OR,Odisha,OR_Boudh,Boudh,41,3,38,0,0,1,1,0,0,,
457,OR,Odisha,OR_Cuttack,Cuttack,501,90,407,4,0,5,3,2,0,,
458,OR,Odisha,OR_Deogarh,Deogarh,42,2,40,0,0,0,0,0,0,,
459,OR,Odisha,OR_Dhenkanal,Dhenkanal,73,20,53,0,0,0,0,0,0,,
460,OR,Odisha,OR_Gajapati,Gajapati,411,290,121,0,0,27,27,0,0,,
461,OR,Odisha,OR_Ganjam,Ganjam,1137,318,811,8,0,49,6,43,0,,
462,OR,Odisha,OR_Jagatsinghpur,Jagatsinghpur,268,106,162,0,0,29,22,7,0,,
463,OR,Odisha,OR_Jajpur,Jajpur,402,61,341,0,0,1,1,0,0,,
464,OR,Odisha,OR_Jharsuguda,Jharsuguda,80,59,21,0,0,4,3,1,0,,
465,OR,Odisha,OR_Kalahandi,Kalahandi,70,13,57,0,0,0,0,0,0,,
466,OR,Odisha,OR_Kandhamal,Kandhamal,177,20,157,0,0,1,-11,12,0,,
467,OR,Odisha,OR_Kendrapara,Kendrapara,229,34,195,0,0,6,1,5,0,,
468,OR,Odisha,OR_Kendujhar,Kendujhar,107,30,77,0,0,2,1,1,0,,
469,OR,Odisha,OR_Khordha,Khordha,752,247,499,6,0,17,-4,21,0,,
470,OR,Odisha,OR_Koraput,Koraput,27,10,17,0,0,1,1,0,0,,
471,OR,Odisha,OR_Malkangiri,Malkangiri,53,5,48,0,0,0,0,0,0,,
472,OR,Odisha,OR_Mayurbhanj,Mayurbhanj,181,60,120,1,0,9,9,0,0,,
473,OR,Odisha,OR_Nabarangapur,Nabarangapur,16,7,8,1,0,1,-5,6,0,,
474,OR,Odisha,OR_Nayagarh,Nayagarh,135,24,111,0,0,0,0,0,0,,
475,OR,Odisha,OR_Nuapada,Nuapada,81,4,77,0,0,2,2,0,0,,
476,OR,Odisha,OR_Puri,Puri,242,38,202,2,0,10,-18,28,0,,
477,OR,Odisha,OR_Rayagada,Rayagada,22,10,12,0,0,0,0,0,0,,
478,OR,Odisha,OR_Sambalpur,Sambalpur,47,23,24,0,0,2,2,0,0,,
479,OR,Odisha,OR_Subarnapur,Subarnapur,35,0,35,0,0,0,0,0,0,,
480,OR,Odisha,OR_Sundargarh,Sundargarh,181,39,142,0,0,11,10,1,0,,
485,PB,Punjab,PB_Amritsar,Amritsar,852,269,547,36,0,14,14,0,0,,
486,PB,Punjab,PB_Barnala,Barnala,46,17,27,2,0,0,0,0,0,,
487,PB,Punjab,PB_Bathinda,Bathinda,85,20,64,1,0,0,-1,0,1,,
488,PB,Punjab,PB_Faridkot,Faridkot,101,14,87,0,0,0,0,0,0,,
489,PB,Punjab,PB_Fatehgarh Sahib,Fatehgarh Sahib,107,24,82,1,0,6,3,2,1,,
490,PB,Punjab,PB_Fazilka,Fazilka,90,35,55,0,0,13,12,1,0,,
491,PB,Punjab,PB_Ferozepur,Ferozepur,88,35,50,3,0,2,1,1,0,,
492,PB,Punjab,PB_Gurdaspur,Gurdaspur,207,34,170,3,0,9,9,0,0,,
493,PB,Punjab,PB_Hoshiarpur,Hoshiarpur,166,11,150,5,0,0,-2,2,0,,
494,PB,Punjab,PB_Jalandhar,Jalandhar,668,335,315,18,0,0,0,0,0,,
495,PB,Punjab,PB_Kapurthala,Kapurthala,83,34,44,5,0,0,0,0,0,,
496,PB,Punjab,PB_Ludhiana,Ludhiana,730,265,446,19,0,67,67,0,0,,
497,PB,Punjab,PB_Mansa,Mansa,44,8,36,0,0,0,-1,1,0,,
498,PB,Punjab,PB_Moga,Moga,92,15,75,2,0,0,0,0,0,,
499,PB,Punjab,PB_Pathankot,Pathankot,205,51,149,5,0,10,8,2,0,,
500,PB,Punjab,PB_Patiala,Patiala,274,131,138,5,0,31,31,0,0,,
501,PB,Punjab,PB_Rupnagar,Rupnagar,101,22,78,1,0,6,6,0,0,,
502,PB,Punjab,PB_S.A.S. Nagar,S.A.S. Nagar,234,61,170,3,0,6,6,0,0,,
503,PB,Punjab,PB_Sangrur,Sangrur,346,180,157,9,0,24,24,0,0,,
504,PB,Punjab,PB_Shahid Bhagat Singh Nagar,Shahid Bhagat Singh Nagar,126,6,119,1,0,0,0,0,0,,
505,PB,Punjab,PB_Sri Muktsar Sahib,Sri Muktsar Sahib,125,46,79,0,0,0,0,0,0,,
506,PB,Punjab,PB_Tarn Taran,Tarn Taran,187,21,163,3,0,0,0,0,0,,
481,PY,Puducherry,PY_Karaikal,Karaikal,21,18,3,0,0,0,0,0,0,,
482,PY,Puducherry,PY_Mahe,Mahe,10,1,9,0,0,0,0,0,0,,
483,PY,Puducherry,PY_Puducherry,Puducherry,470,286,175,9,0,0,0,0,0,,
484,PY,Puducherry,PY_Yanam,Yanam,1,1,0,0,0,0,0,0,0,,
507,RJ,Rajasthan,RJ_Ajmer,Ajmer,480,55,410,15,0,1,1,0,0,,
508,RJ,Rajasthan,RJ_Alwar,Alwar,400,91,304,5,0,0,0,0,0,,
509,RJ,Rajasthan,RJ_Banswara,Banswara,93,1,90,2,0,0,0,0,0,,
510,RJ,Rajasthan,RJ_Baran,Baran,64,2,58,4,0,0,0,0,0,,
511,RJ,Rajasthan,RJ_Barmer,Barmer,240,99,139,2,0,0,0,0,0,,
512,RJ,Rajasthan,RJ_Bharatpur,Bharatpur,1454,300,1123,31,0,17,-23,40,0,,
513,RJ,Rajasthan,RJ_Bhilwara,Bhilwara,243,35,203,5,0,0,0,0,0,,
514,RJ,Rajasthan,RJ_Bikaner,Bikaner,229,91,125,13,0,0,0,0,0,,
0,RJ,Rajasthan,RJ_BSF Camp,BSF Camp,50,0,50,0,0,0,0,0,0,,
515,RJ,Rajasthan,RJ_Bundi,Bundi,14,4,10,0,0,1,1,0,0,,
516,RJ,Rajasthan,RJ_Chittorgarh,Chittorgarh,208,6,196,6,0,0,0,0,0,,
517,RJ,Rajasthan,RJ_Churu,Churu,289,99,188,2,0,0,0,0,0,,
518,RJ,Rajasthan,RJ_Dausa,Dausa,127,19,105,3,0,4,-4,8,0,,
519,RJ,Rajasthan,RJ_Dholpur,Dholpur,555,396,155,4,0,0,0,0,0,,
520,RJ,Rajasthan,RJ_Dungarpur,Dungarpur,425,33,392,0,0,0,0,0,0,,
0,RJ,Rajasthan,RJ_Evacuees,Evacuees,61,0,61,0,0,0,0,0,0,,
521,RJ,Rajasthan,RJ_Ganganagar,Ganganagar,50,27,20,3,0,0,0,0,0,,
522,RJ,Rajasthan,RJ_Hanumangarh,Hanumangarh,58,18,40,0,0,0,0,0,0,,
0,RJ,Rajasthan,RJ_Italians,Italians,2,0,2,0,0,0,0,0,0,,
523,RJ,Rajasthan,RJ_Jaipur,Jaipur,3161,590,2419,152,0,15,15,0,0,,
524,RJ,Rajasthan,RJ_Jaisalmer,Jaisalmer,102,22,80,0,0,0,0,0,0,,
525,RJ,Rajasthan,RJ_Jalore,Jalore,262,70,190,2,0,0,0,0,0,,
526,RJ,Rajasthan,RJ_Jhalawar,Jhalawar,375,20,355,0,0,0,-2,2,0,,
527,RJ,Rajasthan,RJ_Jhunjhunu,Jhunjhunu,330,26,303,1,0,7,7,0,0,,
528,RJ,Rajasthan,RJ_Jodhpur,Jodhpur,2580,364,2178,38,0,0,-3,2,1,,
529,RJ,Rajasthan,RJ_Karauli,Karauli,89,42,43,4,0,13,13,0,0,,
530,RJ,Rajasthan,RJ_Kota,Kota,608,58,528,22,0,23,21,2,0,,
531,RJ,Rajasthan,RJ_Nagaur,Nagaur,609,55,542,12,0,0,0,0,0,,
0,RJ,Rajasthan,RJ_Other State,Other State,97,33,41,23,0,0,-41,41,0,,
532,RJ,Rajasthan,RJ_Pali,Pali,1029,175,846,8,0,5,5,0,0,,
533,RJ,Rajasthan,RJ_Pratapgarh,Pratapgarh,15,1,13,1,0,0,0,0,0,,
534,RJ,Rajasthan,RJ_Rajsamand,Rajsamand,227,51,175,1,0,0,0,0,0,,
535,RJ,Rajasthan,RJ_Sawai Madhopur,Sawai Madhopur,91,26,59,6,0,0,0,0,0,,
536,RJ,Rajasthan,RJ_Sikar,Sikar,493,90,397,6,0,0,0,0,0,,
537,RJ,Rajasthan,RJ_Sirohi,Sirohi,400,111,284,5,0,5,5,0,0,,
538,RJ,Rajasthan,RJ_Tonk,Tonk,200,3,196,1,0,0,0,0,0,,
539,RJ,Rajasthan,RJ_Udaipur,Udaipur,677,59,615,3,0,0,0,0,0,,
540,SK,Sikkim,SK_East Sikkim,East Sikkim,26,25,1,0,0,0,0,0,0,,
541,SK,Sikkim,SK_North Sikkim,North Sikkim,0,0,0,0,0,0,0,0,0,,
542,SK,Sikkim,SK_South Sikkim,South Sikkim,36,18,18,0,0,0,0,0,0,,
543,SK,Sikkim,SK_West Sikkim,West Sikkim,21,11,10,0,0,0,0,0,0,,
0,TG,Telangana,TG_Foreign Evacuees,Foreign Evacuees,33,33,0,0,0,0,0,0,0,,
0,TG,Telangana,TG_Other State,Other State,250,250,0,0,0,0,0,0,0,,
576,TG,Telangana,TG_Adilabad,Adilabad,36,21,15,0,0,0,0,0,0,,
577,TG,Telangana,TG_Bhadradri Kothagudem,Bhadradri Kothagudem,12,8,4,0,0,0,0,0,0,,
578,TG,Telangana,TG_Hyderabad,Hyderabad,8333,8005,305,23,0,0,0,0,0,,
579,TG,Telangana,TG_Jagtial,Jagtial,18,16,2,0,0,0,0,0,0,,
580,TG,Telangana,TG_Jangaon,Jangaon,76,75,1,0,0,0,0,0,0,,
581,TG,Telangana,TG_Jayashankar Bhupalapally,Jayashankar Bhupalapally,6,6,0,0,0,0,0,0,0,,
582,TG,Telangana,TG_Jogulamba Gadwal,Jogulamba Gadwal,47,21,25,1,0,0,0,0,0,,
583,TG,Telangana,TG_Kamareddy,Kamareddy,34,26,8,0,0,0,0,0,0,,
584,TG,Telangana,TG_Karimnagar,Karimnagar,79,63,16,0,0,0,0,0,0,,
585,TG,Telangana,TG_Khammam,Khammam,30,27,3,0,0,0,0,0,0,,
586,TG,Telangana,TG_Komaram Bheem,Komaram Bheem,22,20,2,0,0,0,0,0,0,,
587,TG,Telangana,TG_Mahabubabad,Mahabubabad,12,11,1,0,0,0,0,0,0,,
588,TG,Telangana,TG_Mahabubnagar,Mahabubnagar,58,50,8,0,0,0,0,0,0,,
589,TG,Telangana,TG_Mancherial,Mancherial,25,24,0,1,0,0,0,0,0,,
590,TG,Telangana,TG_Medak,Medak,46,42,4,0,0,0,0,0,0,,
591,TG,Telangana,TG_Medchal Malkajgiri,Medchal Malkajgiri,415,405,9,1,0,0,0,0,0,,
592,TG,Telangana,TG_Mulugu,Mulugu,14,12,2,0,0,0,0,0,0,,
593,TG,Telangana,TG_Nagarkurnool,Nagarkurnool,13,11,2,0,0,0,0,0,0,,
594,TG,Telangana,TG_Nalgonda,Nalgonda,37,25,12,0,0,0,0,0,0,,
595,TG,Telangana,TG_Narayanpet,Narayanpet,3,2,0,1,0,0,0,0,0,,
596,TG,Telangana,TG_Nirmal,Nirmal,26,13,13,0,0,0,0,0,0,,
597,TG,Telangana,TG_Nizamabad,Nizamabad,78,48,30,0,0,0,0,0,0,,
598,TG,Telangana,TG_Peddapalli,Peddapalli,6,5,1,0,0,0,0,0,0,,
599,TG,Telangana,TG_Rajanna Sircilla,Rajanna Sircilla,15,13,2,0,0,0,0,0,0,,
600,TG,Telangana,TG_Ranga Reddy,Ranga Reddy,813,794,17,2,0,0,0,0,0,,
601,TG,Telangana,TG_Sangareddy,Sangareddy,94,88,6,0,0,0,0,0,0,,
602,TG,Telangana,TG_Siddipet,Siddipet,12,11,1,0,0,0,0,0,0,,
603,TG,Telangana,TG_Suryapet,Suryapet,89,65,24,0,0,0,0,0,0,,
604,TG,Telangana,TG_Vikarabad,Vikarabad,45,29,15,1,0,0,0,0,0,,
605,TG,Telangana,TG_Wanaparthy,Wanaparthy,5,5,0,0,0,0,0,0,0,,
606,TG,Telangana,TG_Warangal Rural,Warangal Rural,35,35,0,0,0,0,0,0,0,,
607,TG,Telangana,TG_Warangal Urban,Warangal Urban,76,53,23,0,0,0,0,0,0,,
608,TG,Telangana,TG_Yadadri Bhuvanagiri,Yadadri Bhuvanagiri,15,15,0,0,0,0,0,0,0,,
0,TN,Tamil Nadu,TN_Railway Quarantine,Railway Quarantine,402,193,209,0,0,0,-8,8,0,,
0,TN,Tamil Nadu,TN_Airport Quarantine,Airport Quarantine,608,397,210,1,0,63,53,10,0,,
0,TN,Tamil Nadu,TN_Other State,Other State,0,-3,0,3,0,0,0,0,0,,
544,TN,Tamil Nadu,TN_Ariyalur,Ariyalur,454,63,391,0,0,4,4,0,0,,
732,TN,Tamil Nadu,TN_Chengalpattu,Chengalpattu,4651,2120,2463,68,0,244,133,108,3,,
545,TN,Tamil Nadu,TN_Chennai,Chennai,49690,20140,28823,727,0,2040,1167,837,36,,
546,TN,Tamil Nadu,TN_Coimbatore,Coimbatore,393,216,176,1,0,46,45,1,0,,
547,TN,Tamil Nadu,TN_Cuddalore,Cuddalore,929,389,535,5,0,17,12,5,0,,
548,TN,Tamil Nadu,TN_Dharmapuri,Dharmapuri,53,34,19,0,0,6,6,0,0,,
549,TN,Tamil Nadu,TN_Dindigul,Dindigul,344,109,231,4,0,-33,-20,-13,0,,
550,TN,Tamil Nadu,TN_Erode,Erode,100,24,74,2,0,4,2,2,0,,
734,TN,Tamil Nadu,TN_Kallakurichi,Kallakurichi,527,201,325,1,0,57,57,0,0,,
551,TN,Tamil Nadu,TN_Kancheepuram,Kancheepuram,1580,829,733,18,0,92,37,54,1,,
552,TN,Tamil Nadu,TN_Kanyakumari,Kanyakumari,275,153,121,1,0,20,17,3,0,,
553,TN,Tamil Nadu,TN_Karur,Karur,135,37,98,0,0,2,-6,8,0,,
554,TN,Tamil Nadu,TN_Krishnagiri,Krishnagiri,87,53,32,2,0,14,14,0,0,,
555,TN,Tamil Nadu,TN_Madurai,Madurai,1477,944,520,13,0,198,124,72,2,,
556,TN,Tamil Nadu,TN_Nagapattinam,Nagapattinam,209,127,82,0,0,-25,-34,9,0,,
557,TN,Tamil Nadu,TN_Namakkal,Namakkal,97,10,86,1,0,7,7,0,0,,
564,TN,Tamil Nadu,TN_Nilgiris,Nilgiris,56,35,21,0,0,6,6,0,0,,
558,TN,Tamil Nadu,TN_Perambalur,Perambalur,165,18,147,0,0,-2,-3,1,0,,
559,TN,Tamil Nadu,TN_Pudukkottai,Pudukkottai,112,70,40,2,0,10,8,2,0,,
560,TN,Tamil Nadu,TN_Ramanathapuram,Ramanathapuram,546,380,162,4,0,72,66,6,0,,
733,TN,Tamil Nadu,TN_Ranipet,Ranipet,620,300,318,2,0,53,37,16,0,,
561,TN,Tamil Nadu,TN_Salem,Salem,599,368,229,2,0,105,97,8,0,,
562,TN,Tamil Nadu,TN_Sivaganga,Sivaganga,130,58,71,1,0,-5,-15,10,0,,
731,TN,Tamil Nadu,TN_Tenkasi,Tenkasi,294,183,111,0,0,8,7,1,0,,
563,TN,Tamil Nadu,TN_Thanjavur,Thanjavur,382,225,156,1,0,25,22,3,0,,
565,TN,Tamil Nadu,TN_Theni,Theni,477,332,143,2,0,40,31,9,0,,
566,TN,Tamil Nadu,TN_Thiruvallur,Thiruvallur,3277,1299,1923,55,0,192,139,49,4,,
567,TN,Tamil Nadu,TN_Thiruvarur,Thiruvarur,295,164,131,0,0,18,8,10,0,,
568,TN,Tamil Nadu,TN_Thoothukkudi,Thoothukkudi,789,272,513,4,0,33,15,18,0,,
569,TN,Tamil Nadu,TN_Tiruchirappalli,Tiruchirappalli,493,255,234,4,0,32,22,10,0,,
570,TN,Tamil Nadu,TN_Tirunelveli,Tirunelveli,710,215,490,5,0,21,-28,49,0,,
735,TN,Tamil Nadu,TN_Tirupathur,Tirupathur,100,56,44,0,0,-1,-1,0,0,,
571,TN,Tamil Nadu,TN_Tiruppur,Tiruppur,141,24,117,0,0,13,12,1,0,,
572,TN,Tamil Nadu,TN_Tiruvannamalai,Tiruvannamalai,1498,916,573,9,0,70,62,9,-1,,
573,TN,Tamil Nadu,TN_Vellore,Vellore,901,684,214,3,0,151,105,46,0,,
574,TN,Tamil Nadu,TN_Viluppuram,Viluppuram,712,266,434,12,0,17,16,1,0,,
575,TN,Tamil Nadu,TN_Virudhunagar,Virudhunagar,314,152,158,4,0,31,25,5,1,,
609,TR,Tripura,TR_Dhalai,Dhalai,210,9,201,0,0,0,0,0,0,,
610,TR,Tripura,TR_Gomati,Gomati,122,32,90,0,0,0,0,0,0,,
611,TR,Tripura,TR_Khowai,Khowai,58,30,28,0,0,0,0,0,0,,
612,TR,Tripura,TR_North Tripura,North Tripura,23,10,13,0,0,0,0,0,0,,
613,TR,Tripura,TR_Sipahijala,Sipahijala,549,73,476,0,0,0,0,0,0,,
614,TR,Tripura,TR_South Tripura,South Tripura,116,42,74,0,0,0,0,0,0,,
615,TR,Tripura,TR_Unokoti,Unokoti,68,19,49,0,0,0,0,0,0,,
616,TR,Tripura,TR_West Tripura,West Tripura,149,60,88,1,0,0,0,0,0,,
617,UP,Uttar Pradesh,UP_Agra,Agra,1164,112,967,85,0,0,0,0,0,,
618,UP,Uttar Pradesh,UP_Aligarh,Aligarh,426,180,224,22,0,0,0,0,0,,
619,UP,Uttar Pradesh,UP_Ambedkar Nagar,Ambedkar Nagar,116,20,92,4,0,0,0,0,0,,
620,UP,Uttar Pradesh,UP_Amethi,Amethi,277,26,250,1,0,0,0,0,0,,
621,UP,Uttar Pradesh,UP_Amroha,Amroha,124,44,78,2,0,0,0,0,0,,
622,UP,Uttar Pradesh,UP_Auraiya,Auraiya,96,39,55,2,0,0,0,0,0,,
765,UP,Uttar Pradesh,UP_Ayodhya,Ayodhya,247,76,167,4,0,0,0,0,0,,
623,UP,Uttar Pradesh,UP_Azamgarh,Azamgarh,196,28,161,7,0,0,0,0,0,,
624,UP,Uttar Pradesh,UP_Baghpat,Baghpat,231,82,146,3,0,0,0,0,0,,
625,UP,Uttar Pradesh,UP_Bahraich,Bahraich,123,14,108,1,0,0,0,0,0,,
626,UP,Uttar Pradesh,UP_Ballia,Ballia,101,35,66,0,0,0,0,0,0,,
627,UP,Uttar Pradesh,UP_Balrampur,Balrampur,61,9,51,1,0,0,0,0,0,,
628,UP,Uttar Pradesh,UP_Banda,Banda,41,8,33,0,0,0,0,0,0,,
629,UP,Uttar Pradesh,UP_Barabanki,Barabanki,302,68,233,1,0,0,0,0,0,,
630,UP,Uttar Pradesh,UP_Bareilly,Bareilly,206,80,121,5,0,0,0,0,0,,
631,UP,Uttar Pradesh,UP_Basti,Basti,335,82,240,13,0,0,0,0,0,,
632,UP,Uttar Pradesh,UP_Bhadohi,Bhadohi,123,40,82,1,0,0,0,0,0,,
633,UP,Uttar Pradesh,UP_Bijnor,Bijnor,248,40,203,5,0,0,0,0,0,,
634,UP,Uttar Pradesh,UP_Budaun,Budaun,122,63,57,2,0,0,0,0,0,,
635,UP,Uttar Pradesh,UP_Bulandshahr,Bulandshahr,525,207,298,20,0,0,0,0,0,,
636,UP,Uttar Pradesh,UP_Chandauli,Chandauli,104,62,41,1,0,0,0,0,0,,
637,UP,Uttar Pradesh,UP_Chitrakoot,Chitrakoot,89,15,72,2,0,0,0,0,0,,
638,UP,Uttar Pradesh,UP_Deoria,Deoria,197,54,139,4,0,0,0,0,0,,
639,UP,Uttar Pradesh,UP_Etah,Etah,126,75,44,7,0,0,0,0,0,,
640,UP,Uttar Pradesh,UP_Etawah,Etawah,242,124,108,10,0,0,0,0,0,,
642,UP,Uttar Pradesh,UP_Farrukhabad,Farrukhabad,131,65,61,5,0,0,0,0,0,,
643,UP,Uttar Pradesh,UP_Fatehpur,Fatehpur,118,20,98,0,0,0,0,0,0,,
644,UP,Uttar Pradesh,UP_Firozabad,Firozabad,498,122,355,21,0,0,0,0,0,,
645,UP,Uttar Pradesh,UP_Gautam Buddha Nagar,Gautam Buddha Nagar,1811,763,1028,20,0,0,0,0,0,,
646,UP,Uttar Pradesh,UP_Ghaziabad,Ghaziabad,1175,575,551,49,0,0,0,0,0,,
647,UP,Uttar Pradesh,UP_Ghazipur,Ghazipur,319,77,240,2,0,0,0,0,0,,
648,UP,Uttar Pradesh,UP_Gonda,Gonda,150,31,115,4,0,0,0,0,0,,
649,UP,Uttar Pradesh,UP_Gorakhpur,Gorakhpur,279,85,183,11,0,0,0,0,0,,
650,UP,Uttar Pradesh,UP_Hamirpur,Hamirpur,69,9,59,1,0,0,0,0,0,,
651,UP,Uttar Pradesh,UP_Hapur,Hapur,550,283,256,11,0,0,0,0,0,,
652,UP,Uttar Pradesh,UP_Hardoi,Hardoi,197,53,141,3,0,0,0,0,0,,
653,UP,Uttar Pradesh,UP_Hathras,Hathras,151,49,99,3,0,0,0,0,0,,
654,UP,Uttar Pradesh,UP_Jalaun,Jalaun,160,66,88,6,0,0,0,0,0,,
655,UP,Uttar Pradesh,UP_Jaunpur,Jaunpur,502,107,386,9,0,0,0,0,0,,
656,UP,Uttar Pradesh,UP_Jhansi,Jhansi,126,52,60,14,0,0,0,0,0,,
657,UP,Uttar Pradesh,UP_Kannauj,Kannauj,219,71,147,1,0,0,0,0,0,,
658,UP,Uttar Pradesh,UP_Kanpur Dehat,Kanpur Dehat,56,13,42,1,0,0,0,0,0,,
659,UP,Uttar Pradesh,UP_Kanpur Nagar,Kanpur Nagar,1034,345,646,43,0,0,0,0,0,,
660,UP,Uttar Pradesh,UP_Kasganj,Kasganj,43,9,34,0,0,0,0,0,0,,
661,UP,Uttar Pradesh,UP_Kaushambi,Kaushambi,65,9,56,0,0,0,0,0,0,,
663,UP,Uttar Pradesh,UP_Kushinagar,Kushinagar,106,48,56,2,0,0,0,0,0,,
662,UP,Uttar Pradesh,UP_Lakhimpur Kheri,Lakhimpur Kheri,108,25,83,0,0,0,0,0,0,,
664,UP,Uttar Pradesh,UP_Lalitpur,Lalitpur,6,2,2,2,0,0,0,0,0,,
665,UP,Uttar Pradesh,UP_Lucknow,Lucknow,962,401,547,14,0,0,0,0,0,,
667,UP,Uttar Pradesh,UP_Maharajganj,Maharajganj,155,56,96,3,0,0,0,0,0,,
666,UP,Uttar Pradesh,UP_Mahoba,Mahoba,54,17,36,1,0,0,0,0,0,,
668,UP,Uttar Pradesh,UP_Mainpuri,Mainpuri,216,66,143,7,0,0,0,0,0,,
669,UP,Uttar Pradesh,UP_Mathura,Mathura,287,130,146,11,0,0,0,0,0,,
670,UP,Uttar Pradesh,UP_Mau,Mau,93,31,59,3,0,0,0,0,0,,
671,UP,Uttar Pradesh,UP_Meerut,Meerut,885,247,562,76,0,0,0,0,0,,
672,UP,Uttar Pradesh,UP_Mirzapur,Mirzapur,77,29,47,1,0,0,0,0,0,,
673,UP,Uttar Pradesh,UP_Moradabad,Moradabad,396,94,284,18,0,0,0,0,0,,
674,UP,Uttar Pradesh,UP_Muzaffarnagar,Muzaffarnagar,259,75,177,7,0,0,0,0,0,,
675,UP,Uttar Pradesh,UP_Pilibhit,Pilibhit,113,43,70,0,0,0,0,0,0,,
676,UP,Uttar Pradesh,UP_Pratapgarh,Pratapgarh,109,7,97,5,0,0,0,0,0,,
677,UP,Uttar Pradesh,UP_Prayagraj,Prayagraj,226,59,158,9,0,0,0,0,0,,
678,UP,Uttar Pradesh,UP_Rae Bareli,Rae Bareli,126,19,104,3,0,0,0,0,0,,
679,UP,Uttar Pradesh,UP_Rampur,Rampur,332,73,256,3,0,0,0,0,0,,
680,UP,Uttar Pradesh,UP_Saharanpur,Saharanpur,363,74,289,0,0,0,0,0,0,,
681,UP,Uttar Pradesh,UP_Sambhal,Sambhal,298,87,207,4,0,0,0,0,0,,
682,UP,Uttar Pradesh,UP_Sant Kabir Nagar,Sant Kabir Nagar,205,48,150,7,0,0,0,0,0,,
683,UP,Uttar Pradesh,UP_Shahjahanpur,Shahjahanpur,116,52,64,0,0,0,0,0,0,,
684,UP,Uttar Pradesh,UP_Shamli,Shamli,119,57,61,1,0,0,0,0,0,,
685,UP,Uttar Pradesh,UP_Shrawasti,Shrawasti,56,9,46,1,0,0,0,0,0,,
686,UP,Uttar Pradesh,UP_Siddharthnagar,Siddharthnagar,236,60,168,8,0,0,0,0,0,,
687,UP,Uttar Pradesh,UP_Sitapur,Sitapur,62,14,48,0,0,0,0,0,0,,
688,UP,Uttar Pradesh,UP_Sonbhadra,Sonbhadra,34,5,29,0,0,0,0,0,0,,
689,UP,Uttar Pradesh,UP_Sultanpur,Sultanpur,182,63,118,1,0,0,0,0,0,,
690,UP,Uttar Pradesh,UP_Unnao,Unnao,139,61,76,2,0,0,0,0,0,,
691,UP,Uttar Pradesh,UP_Varanasi,Varanasi,398,124,259,15,0,0,0,0,0,,
692,UT,Uttarakhand,UT_Almora,Almora,165,48,115,2,0,0,-7,7,0,,
693,UT,Uttarakhand,UT_Bageshwar,Bageshwar,74,20,53,1,0,0,-3,3,0,,
694,UT,Uttarakhand,UT_Chamoli,Chamoli,69,22,47,0,0,2,-1,3,0,,
695,UT,Uttarakhand,UT_Champawat,Champawat,52,7,44,1,0,1,1,0,0,,
696,UT,Uttarakhand,UT_Dehradun,Dehradun,659,141,484,21,13,4,-7,10,1,,
697,UT,Uttarakhand,UT_Haridwar,Haridwar,313,159,150,0,4,0,0,0,0,,
698,UT,Uttarakhand,UT_Nainital,Nainital,425,119,304,2,0,14,-13,27,0,,
699,UT,Uttarakhand,UT_Pauri Garhwal,Pauri Garhwal,140,75,62,3,0,0,0,0,0,,
700,UT,Uttarakhand,UT_Pithoragarh,Pithoragarh,65,15,50,0,0,0,0,0,0,,
701,UT,Uttarakhand,UT_Rudraprayag,Rudraprayag,62,22,39,1,0,0,0,0,0,,
702,UT,Uttarakhand,UT_Tehri Garhwal,Tehri Garhwal,410,86,322,2,0,0,0,0,0,,
703,UT,Uttarakhand,UT_Udham Singh Nagar,Udham Singh Nagar,228,109,116,3,0,13,5,8,0,,
704,UT,Uttarakhand,UT_Uttarkashi,Uttarkashi,63,26,36,1,0,0,-6,6,0,,
705,WB,West Bengal,WB_Alipurduar,Alipurduar,178,86,92,0,0,0,-11,11,0,,
706,WB,West Bengal,WB_Bankura,Bankura,232,52,180,0,0,9,6,3,0,,
707,WB,West Bengal,WB_Birbhum,Birbhum,292,20,270,2,0,0,-12,12,0,,
708,WB,West Bengal,WB_Cooch Behar,Cooch Behar,291,10,281,0,0,0,-15,15,0,,
709,WB,West Bengal,WB_Dakshin Dinajpur,Dakshin Dinajpur,180,83,97,0,0,18,-1,19,0,,
710,WB,West Bengal,WB_Darjeeling,Darjeeling,409,185,215,9,0,14,4,9,1,,
711,WB,West Bengal,WB_Hooghly,Hooghly,882,196,666,20,0,30,13,16,1,,
712,WB,West Bengal,WB_Howrah,Howrah,2375,618,1668,89,0,110,72,34,4,,
713,WB,West Bengal,WB_Jalpaiguri,Jalpaiguri,326,83,243,0,0,8,-1,9,0,,
714,WB,West Bengal,WB_Jhargram,Jhargram,19,0,19,0,0,0,0,0,0,,
715,WB,West Bengal,WB_Kalimpong,Kalimpong,52,7,44,1,0,0,-1,1,0,,
716,WB,West Bengal,WB_Kolkata,Kolkata,5261,1893,3014,354,0,128,39,86,3,,
717,WB,West Bengal,WB_Malda,Malda,513,183,330,0,0,24,-9,33,0,,
719,WB,West Bengal,WB_Murshidabad,Murshidabad,220,44,173,3,0,7,1,6,0,,
720,WB,West Bengal,WB_Nadia,Nadia,295,94,196,5,0,10,0,10,0,,
721,WB,West Bengal,WB_North 24 Parganas,North 24 Parganas,2428,831,1504,93,0,99,63,36,0,,
0,WB,West Bengal,WB_Other State,Other State,66,4,59,3,0,0,0,0,0,,
722,WB,West Bengal,WB_Paschim Bardhaman,Paschim Bardhaman,130,22,105,3,0,5,3,2,0,,
718,WB,West Bengal,WB_Paschim Medinipur,Paschim Medinipur,354,45,305,4,0,4,1,3,0,,
723,WB,West Bengal,WB_Purba Bardhaman,Purba Bardhaman,161,23,138,0,0,6,3,3,0,,
724,WB,West Bengal,WB_Purba Medinipur,Purba Medinipur,304,78,222,4,0,13,-3,16,0,,
725,WB,West Bengal,WB_Purulia,Purulia,87,1,86,0,0,0,-2,2,0,,
726,WB,West Bengal,WB_South 24 Parganas,South 24 Parganas,856,429,402,25,0,52,39,12,1,,
727,WB,West Bengal,WB_Uttar Dinajpur,Uttar Dinajpur,279,52,226,1,0,5,-2,7,0,,
728,AN,Andaman and Nicobar Islands,AN_Unknown,Unknown,36,26,10,0,0,0,0,0,0,,
729,AP,Andhra Pradesh,AP_Unknown,Unknown,0,0,0,0,0,0,0,0,0,,
730,AR,Arunachal Pradesh,AR_Unknown,Unknown,0,0,0,0,0,0,0,0,0,,
731,AS,Assam,AS_Unknown,Unknown,2598,-741,3332,4,3,0,0,0,0,,
732,BR,Bihar,BR_Unknown,Unknown,0,0,0,0,0,0,0,0,0,,
733,CH,Chandigarh,CH_Unknown,Unknown,0,0,0,0,0,0,0,0,0,,
734,CT,Chhattisgarh,CT_Unknown,Unknown,0,0,0,0,0,0,0,0,0,,
735,DN,Dadra and Nagar Haveli and Daman and Diu,DN_Unknown,Unknown,0,0,0,0,0,0,0,0,0,,
737,DL,Delhi,DL_Unknown,Unknown,72992,25799,44765,2428,0,0,0,0,0,,
738,GA,Goa,GA_Unknown,Unknown,608,339,268,1,0,0,0,0,0,,
739,GJ,Gujarat,GJ_Unknown,Unknown,-2,-2,0,0,0,0,0,0,0,,
740,HR,Haryana,HR_Unknown,Unknown,0,0,0,0,0,0,0,0,0,,
741,HP,Himachal Pradesh,HP_Unknown,Unknown,0,0,0,0,0,0,0,0,0,,
742,JK,Jammu and Kashmir,JK_Unknown,Unknown,0,0,0,0,0,0,0,0,0,,
743,JH,Jharkhand,JH_Unknown,Unknown,0,0,0,0,0,0,0,0,0,,
744,KA,Karnataka,KA_Unknown,Unknown,0,0,0,0,0,0,0,0,0,,
745,KL,Kerala,KL_Unknown,Unknown,0,0,0,0,0,0,0,0,0,,
746,LA,Ladakh,LA_Unknown,Unknown,0,0,0,0,0,0,0,0,0,,
747,LD,Lakshadweep,LD_Unknown,Unknown,0,0,0,0,0,0,0,0,0,,
748,MP,Madhya Pradesh,MP_Unknown,Unknown,0,0,0,0,0,0,0,0,0,,
749,MH,Maharashtra,MH_Unknown,Unknown,0,0,0,0,0,0,0,0,0,,
750,MN,Manipur,MN_Unknown,Unknown,0,-39,39,0,0,0,0,0,0,,
751,ML,Meghalaya,ML_Unknown,Unknown,2,-9,11,0,0,0,0,0,0,,
752,MZ,Mizoram,MZ_Unknown,Unknown,0,0,0,0,0,0,0,0,0,,
753,NL,Nagaland,NL_Unknown,Unknown,16,-119,135,0,0,0,0,0,0,,
754,OR,Odisha,OR_Unknown,Unknown,0,0,0,0,0,0,0,0,0,,
755,PY,Puducherry,PY_Unknown,Unknown,0,0,0,0,0,0,0,0,0,,
756,PB,Punjab,PB_Unknown,Unknown,0,0,0,0,0,0,0,0,0,,
757,RJ,Rajasthan,RJ_Unknown,Unknown,0,0,0,0,0,0,0,0,0,,
758,SK,Sikkim,SK_Unknown,Unknown,2,-8,10,0,0,0,0,0,0,,
759,TN,Tamil Nadu,TN_Unknown,Unknown,0,0,0,0,0,0,0,0,0,,
760,TG,Telangana,TG_Unknown,Unknown,456,-3881,4137,200,0,0,0,0,0,,
761,TR,Tripura,TR_Unknown,Unknown,0,-7,7,0,0,0,0,0,0,,
762,UP,Uttar Pradesh,UP_Unknown,Unknown,0,0,0,0,0,0,0,0,0,,
763,UT,Uttarakhand,UT_Unknown,Unknown,0,0,0,0,0,0,0,0,0,,
764,WB,West Bengal,WB_Unknown,Unknown,0,0,0,0,0,0,0,0,0,,